Feature,count,mean,std,min,25%,50%,75%,max,%missing,card
Age_upon_Intake,1000.0,2.0344235862311204,3.0177240611327623,0.0,0.14903846153846154,1.0,2.0,19.0,0.0,42
Age_upon_Outcome,1000.0,2.0691562697576398,3.0254596850117994,0.0,0.16666666666666666,1.0,2.0,19.0,0.0,42
year_intake,1000.0,2016.467,1.8303718915185683,2013.0,2015.0,2016.5,2018.0,2020.0,0.0,8
month_intake,1000.0,7.02,3.2214869203487355,1.0,5.0,7.0,10.0,12.0,0.0,12
year_outcome,1000.0,2016.506,1.8328456899922925,2013.0,2015.0,2017.0,2018.0,2020.0,0.0,8
month_outcome,1000.0,7.134,3.257092668723543,1.0,5.0,7.0,10.0,12.0,0.0,12
birth_year,1000.0,2014.411,3.578111496569368,1997.0,2013.0,2015.0,2017.0,2019.0,0.0,22
birth_month,1000.0,6.401,3.1619925991686317,1.0,4.0,6.0,9.0,12.0,0.0,12
